[
  {
    "id": "b608ab39-81d6-4fd1-b4cb-868c6c2074a0",
    "data": [
      {
        "text": "444-444-4444",
        "alias": "phone",
        "meta": "@sys.phone-number",
        "userDefined": false
      }
    ],
    "isTemplate": false,
    "count": 0,
    "updated": 0
  },
  {
    "id": "edc4216f-89fe-4715-bfc9-dd52ac33210a",
    "data": [
      {
        "text": "john smith",
        "alias": "name",
        "meta": "@sys.given-name",
        "userDefined": true
      }
    ],
    "isTemplate": false,
    "count": 0,
    "updated": 0
  },
  {
    "id": "5c69d438-a1d9-4d9a-b16f-f72ec742a40b",
    "data": [
      {
        "text": "John",
        "alias": "name",
        "meta": "@sys.given-name",
        "userDefined": true
      },
      {
        "text": " ",
        "userDefined": false
      },
      {
        "text": "555-555-5555",
        "alias": "phone",
        "meta": "@sys.phone-number",
        "userDefined": false
      }
    ],
    "isTemplate": false,
    "count": 0,
    "updated": 0
  }
]