[
  {
    "id": "4d368b79-d188-4937-8b43-726007815819",
    "data": [
      {
        "text": "regular",
        "alias": "crust",
        "meta": "@PizzaCrustStyle",
        "userDefined": true
      },
      {
        "text": " crust pizza with ",
        "userDefined": false
      },
      {
        "text": "mushroom",
        "alias": "ingredients",
        "meta": "@PizzaIngrediant",
        "userDefined": true
      }
    ],
    "isTemplate": false,
    "count": 0,
    "updated": 0
  },
  {
    "id": "6c8f0cb5-aa53-4175-9474-c6406834f8cd",
    "data": [
      {
        "text": "I would like a ",
        "userDefined": false
      },
      {
        "text": "small",
        "alias": "size",
        "meta": "@PizzaSize",
        "userDefined": false
      },
      {
        "text": " ",
        "userDefined": false
      },
      {
        "text": "thin",
        "alias": "crust",
        "meta": "@PizzaCrustStyle",
        "userDefined": true
      },
      {
        "text": " crust pizza with ",
        "userDefined": false
      },
      {
        "text": "sausage",
        "alias": "ingredients",
        "meta": "@PizzaIngrediant",
        "userDefined": false
      },
      {
        "text": " and ",
        "userDefined": false
      },
      {
        "text": "pineapple",
        "alias": "ingredients",
        "meta": "@PizzaIngrediant",
        "userDefined": false
      }
    ],
    "isTemplate": false,
    "count": 0,
    "updated": 0
  },
  {
    "id": "bfb29a11-b7cc-446c-9ad0-ee859d9e79bb",
    "data": [
      {
        "text": "I want a ",
        "userDefined": false
      },
      {
        "text": "small",
        "alias": "size",
        "meta": "@PizzaSize",
        "userDefined": true
      },
      {
        "text": " pizza with ",
        "userDefined": false
      },
      {
        "text": "sausage",
        "alias": "ingredients",
        "meta": "@PizzaIngrediant",
        "userDefined": true
      },
      {
        "text": " and ",
        "userDefined": false
      },
      {
        "text": "mushroom",
        "alias": "ingredients",
        "meta": "@PizzaIngrediant",
        "userDefined": true
      }
    ],
    "isTemplate": false,
    "count": 0,
    "updated": 0
  },
  {
    "id": "d834f54a-5046-4ef8-882f-6fe26e6cd88f",
    "data": [
      {
        "text": "can I have a ",
        "userDefined": false
      },
      {
        "text": "large",
        "alias": "size",
        "meta": "@PizzaSize",
        "userDefined": true
      },
      {
        "text": " ",
        "userDefined": false
      },
      {
        "text": "sausage",
        "alias": "ingredients",
        "meta": "@PizzaIngrediant",
        "userDefined": true
      },
      {
        "text": " pizza",
        "userDefined": false
      }
    ],
    "isTemplate": false,
    "count": 0,
    "updated": 0
  },
  {
    "id": "7b326653-892a-4290-9de0-d7d5ed632ffb",
    "data": [
      {
        "text": "i want to order a pizza",
        "userDefined": false
      }
    ],
    "isTemplate": false,
    "count": 0,
    "updated": 0
  },
  {
    "id": "f586fb06-19c9-4343-af4e-7e79e1a3acc4",
    "data": [
      {
        "text": "order a pizza",
        "userDefined": false
      }
    ],
    "isTemplate": false,
    "count": 0,
    "updated": 0
  },
  {
    "id": "34a80559-8130-4048-ac49-73d7e2e8c314",
    "data": [
      {
        "text": "pizza order",
        "userDefined": false
      }
    ],
    "isTemplate": false,
    "count": 0,
    "updated": 0
  },
  {
    "id": "3dbb498c-162a-4053-8680-198e531aa5a6",
    "data": [
      {
        "text": "i want pizza",
        "userDefined": false
      }
    ],
    "isTemplate": false,
    "count": 0,
    "updated": 0
  },
  {
    "id": "6964b590-87b4-423a-96d9-63ad4e343058",
    "data": [
      {
        "text": "can i make a pizza order",
        "userDefined": false
      }
    ],
    "isTemplate": false,
    "count": 0,
    "updated": 0
  }
]