[
  {
    "id": "ca262bc7-c6db-48e8-8ef2-0088a25f2655",
    "data": [
      {
        "text": "deals",
        "userDefined": false
      }
    ],
    "isTemplate": false,
    "count": 0,
    "updated": 0
  },
  {
    "id": "68ea64f2-1f45-4d6f-ba58-1256dac2f957",
    "data": [
      {
        "text": "do you have a deal of ",
        "userDefined": false
      },
      {
        "text": "a day",
        "meta": "@sys.ignore",
        "userDefined": false
      }
    ],
    "isTemplate": false,
    "count": 0,
    "updated": 0
  },
  {
    "id": "9d932fda-9f5b-4209-96c6-21a9607efc77",
    "data": [
      {
        "text": "specials",
        "userDefined": false
      }
    ],
    "isTemplate": false,
    "count": 0,
    "updated": 0
  },
  {
    "id": "a596885b-bb86-4539-ac6a-9cc4d96f351b",
    "data": [
      {
        "text": "do you specials",
        "userDefined": false
      }
    ],
    "isTemplate": false,
    "count": 0,
    "updated": 0
  },
  {
    "id": "846d06ab-bbb8-4030-ad23-4917533c4d4d",
    "data": [
      {
        "text": "any pizza special available",
        "userDefined": false
      }
    ],
    "isTemplate": false,
    "count": 0,
    "updated": 0
  },
  {
    "id": "e32e3805-90f1-436e-a3c9-4cee2fae52f2",
    "data": [
      {
        "text": "Do you have any pizza specials",
        "userDefined": false
      }
    ],
    "isTemplate": false,
    "count": 0,
    "updated": 0
  }
]